{
  "op": "count_vectorizer",
  "attributes": {
    "vocabulary": {
      "type": {
        "type": "list",
        "base": "string"
      },
      "value": ["said", "alice", "little", "went", "would", "like", "could", "thought", "mock", "quite", "time", "began", "know", "looked", "must", "much", "never", "great", "came", "think", "queen", "thing", "turtle", "large", "march", "first", "rabbit", "round", "long", "looking", "heard", "tell", "back", "made", "head", "king", "white", "found", "might", "seemed", "well", "upon", "going", "make", "come", "poor", "last", "rather", "look", "hatter", "soon", "without", "took", "dormouse", "felt", "three", "good", "nothing", "shall", "gryphon", "next", "wish", "right", "half", "another", "getting", "moment", "added", "find", "mouse", "take", "till", "things", "even", "voice", "tried", "eyes", "cried", "ever", "sort", "turned", "curious", "hare", "sure", "gave", "something", "away", "minute", "wonder", "called", "door", "duchess", "hear", "anything", "words", "near", "replied", "idea", "grow", "anxiously", "whole", "still", "kept", "ought", "left", "hardly", "chapter", "every", "among", "used", "knew", "remember", "many", "always", "talking", "seen", "behind", "side", "turning", "close", "perhaps", "course", "beginning", "feet", "makes", "deal", "trying", "better", "hand", "caterpillar", "saying", "glad", "whether", "hurried", "suddenly", "nearly", "people", "sitting", "thinking", "talk", "walked", "enough", "everything", "done", "jury", "gone", "best", "really", "rest", "queer", "give", "read", "shook", "shouted", "opened", "change", "cats", "help", "want", "afraid", "join", "waited", "please", "dodo", "cook", "running", "table", "heads", "tone", "believe", "reason", "hard", "waiting", "opportunity", "making", "play", "matter", "house", "room", "beautiful", "followed", "repeated", "keep", "asked", "certainly", "explain", "suppose", "soldiers", "speak", "else", "small", "lying", "feel", "name", "grown", "offended", "changed", "face", "stood", "minutes", "knave", "work", "hastily", "finished", "meaning", "birds", "question", "frightened", "tired", "ready", "bright", "leave", "bottle", "noticed", "pool", "seem", "continued", "goes", "party", "begin", "though", "least", "live", "wondering", "mouth", "golden", "footman", "mean", "word", "turn", "cheshire", "sharp", "manage", "neck", "baby", "open", "surprised", "hands", "forgotten", "fell", "slowly", "world", "feeling", "watch", "inches", "dreadfully", "almost", "answer", "either", "everybody", "moral", "trembling", "growing", "place", "size", "written", "game", "dear", "creatures", "repeat", "times", "fall", "four", "pepper", "kind", "exactly", "told", "hold", "begun", "full", "melancholy", "pigeon", "fetch", "piece", "taking", "puzzled", "across", "tears", "lobster", "nice", "deep", "call", "children", "sudden", "pair", "trees", "waving", "sentence", "coming", "along", "swam", "become", "sighed", "broken", "generally", "dare", "pleased", "simple", "happen", "interrupted", "puppy", "shoes", "crowded", "notice", "soup", "arms", "roof", "walking", "hair", "number", "sister", "sounded", "jumped", "marked", "remembered", "gloves", "mind", "court", "foot", "young", "understand", "hedgehog", "drew", "write", "dead", "glass", "asleep", "shut", "hurry", "different", "except", "bottom", "stop", "trouble", "second", "hookah", "spoke", "high", "puzzling", "trial", "witness", "several", "likely", "ventured", "conversation", "seems", "exclaimed", "capital", "nobody", "worth", "school", "others", "screamed", "nervous", "meant", "wanted", "reach", "chin", "argument", "case", "shrinking", "moved", "walk", "perfectly", "strange", "gardeners", "care", "tiny", "sides", "short", "learn", "adventures", "nine", "since", "garden", "says", "sing", "father", "carried", "evidence", "pictures", "silence", "seven", "dinah", "jumping", "writing", "draw", "fallen", "quietly", "stay", "chance", "taught", "somebody", "fast", "begins", "nearer", "sleep", "held", "sometimes", "rate", "crowd", "dropped", "finish", "taken", "fear", "lessons", "listen", "mushroom", "drink", "height", "stand", "ears", "sneezing", "pack", "busily", "passed", "whispered", "beat", "settled", "tucked", "howling", "mary", "dream", "verses", "mentioned", "loud", "shaking", "boots", "remark", "indeed", "happened", "doth", "unfortunate", "spread", "jurors", "legs", "stopped", "confused", "paper", "larger", "crossed", "sleepy", "noise", "confusion", "nibbling", "officers", "hoping", "pressed", "sorts", "expecting", "solemn", "mine", "hanging", "moving", "arches", "putting", "suit", "picked", "less", "lived", "digging", "repeating", "catch", "tossing", "forgetting", "guessed", "venture", "girl", "funny", "pointing", "eagerly", "filled", "liked", "story", "shrill", "shriek", "suppressed", "eager", "real", "lobsters", "girls", "wrote", "child", "immediately", "tree", "show", "executioner", "savage", "asking", "remained", "grave", "miles", "vanished", "bowed", "frowning", "opening", "succeeded", "easily", "tarts", "middle", "fancy", "natural", "staring", "whiting", "managed", "considered", "late", "william", "bringing", "general", "difficulty", "gently", "hearing", "none", "important", "finding", "mice", "sound", "sounds", "finger", "timid", "rules", "lory", "interesting", "considering", "muttering", "checked", "silent", "croquet", "grunted", "hours", "throw", "peeped", "hope", "french", "shoulder", "animals", "fond", "dish", "angry", "decided", "possibly", "answered", "book", "tails", "nursing", "green", "proper", "obliged", "often", "choked", "severely", "twinkling", "caught", "pleaded", "tail", "teacup", "appeared", "notion", "hunting", "pattering", "dark", "instantly", "handed", "panther", "watching", "edge", "brought", "sobs", "snatch", "flamingo", "nowhere", "proud", "shouting", "guess", "delighted", "throwing", "around", "raised", "became", "catching", "singing", "custody", "crying", "taste", "grinned", "blew", "shower", "position", "resting", "raving", "otherwise", "dipped", "encouraging", "hour", "smiled", "cautiously", "kick", "wash", "quarrelling", "forget", "hurriedly", "paws", "forehead", "treading", "ground", "unpleasant", "deny", "timidly", "addressed", "list", "wherever", "latitude", "pale", "smoking", "imagine", "parchment", "recovered", "beautifully", "mustard", "loudly", "voices", "sight", "sobbing", "move", "rush", "telling", "trembled", "sent", "elbow", "lonely", "tale", "struck", "front", "changing", "rattling", "certain", "teacups", "muttered", "neatly", "friend", "royal", "shoulders", "hurt", "tumbling", "remarking", "leaning", "executions", "attending", "clear", "sighing", "players", "heart", "wink", "sadly", "stirring", "sending", "life", "personal", "faces", "offer", "broke", "kitchen", "entangled", "directed", "ordered", "neither", "blasts", "trotting", "bill", "anxious", "goldfish", "knowing", "falling", "together", "lizard", "salt", "excellent", "five", "cupboards", "takes", "missed", "chimney", "assembled", "happens", "weak", "wants", "order", "knows", "belongs", "wasting", "doubtful", "wandered", "straight", "barrowful", "busy", "giving", "fine", "bring", "entirely", "leaves", "miserable", "threw", "editions", "smallest", "wildly", "stretched", "civil", "learnt", "business", "dispute", "sulkily", "summer", "free", "matters", "wise", "fight", "bark", "using", "stamping", "burn", "days", "serpents", "lefthand", "atom", "confusing", "water", "ordering", "constant", "startled", "crimson", "worse", "pleasure", "tones", "swimming", "stole", "unfolded", "sulky", "safe", "plenty", "doors", "tasted", "pinched", "wrong", "person", "interrupting", "plate", "body", "jurymen", "means", "joined", "introduce", "returned", "messages", "creature", "mistake", "simply", "concluded", "flowers", "questions", "fish", "thousand", "squeaking", "reading", "allow", "ornamented", "violent", "longer", "nibbled", "week", "year", "shutting", "learning", "wonderland", "rubbing", "sorrowful", "solemnly", "wild", "brightened", "easy", "difficult", "regular", "sang", "splashing", "holding", "delightful", "smiling", "showing", "playing", "executed", "agree", "caused", "alone", "pennyworth", "grass", "drunk", "twist", "remarkable", "impossible", "blow", "quickly", "cause", "cool", "authority", "carrying", "pinch", "lady", "laid", "mixed", "wood", "quiet", "chorus", "upset", "changes", "violently", "lovely", "treacle", "usually", "picking", "painting", "distant", "pebbles", "subject", "tells", "closed", "signed", "angrily", "forgot", "pieces", "advantage", "shaped", "thoughts", "hungry", "nicely", "twelve", "mark", "yesterday", "wonderful", "friends", "ashamed", "grand", "extraordinary", "instead", "dance", "hoarse", "duck", "earls", "unrolled", "slipped", "longitude", "dull", "longed", "occurred", "wretched", "invitation", "started", "curled", "majesty", "yawned", "meet", "mile", "presently", "heavy", "candle", "follows", "fancied", "archbishop", "procession", "thoroughly", "presents", "watched", "whose", "merely", "proves", "collected", "keeping", "quadrille", "master", "fact", "cares", "direction", "speaking", "sooner", "rule", "race", "cauldron", "mercia", "older", "guests", "crown", "proved", "someone", "globe", "bone", "nonsense", "turns", "thick", "feather", "reply", "given", "slightest", "contemptuous", "burst", "disappointment", "sharply", "temper", "driest", "stopping", "pulled", "prize", "doubt", "grin", "anger", "clean", "choking", "prisoner", "company", "furious", "somersault", "hopeless", "nurse", "twice", "settling", "irritated", "figure", "declared", "branch", "boxed", "uneasily", "beasts", "roots", "noticing", "prove", "cheated", "wrapping", "unhappy", "recognised", "send", "pattern", "belt", "mallets", "saucepan", "shepherd", "sizes", "straightened", "feebly", "plates", "pretend", "impatient", "roses", "harm", "swim", "trickling", "passage", "carroll", "guard", "bend", "touch", "brass", "denied", "sorry", "result", "laughed", "violence", "knowledge", "drive", "obstacle", "whereupon", "crumbs", "dozing", "spell", "trampled", "yelled", "footsteps", "miss", "month", "signifies", "taller", "swallow", "invited", "heels", "unless", "stretching", "pointed", "pleasing", "juror", "splashed", "hopeful", "clearer", "attempts", "flock", "hint", "nose", "supple", "immense", "remaining", "london", "beating", "lifted", "eaglet", "walrus", "louder", "hoarsely", "graceful", "fumbled", "spoon", "raising", "incessantly", "hated", "field", "seeing", "engraved", "telescope", "powdered", "spectacles", "injure", "stoop", "invented", "lives", "locks", "somehow", "adoption", "ferrets", "tight", "teaching", "usurpation", "ridges", "dreadful", "died", "unwillingly", "clasped", "belong", "thatched", "presented", "form", "fellows", "deepest", "riddles", "clock", "stuff", "curly", "classics", "reduced", "submitted", "wore", "canary", "rippling", "frontispiece", "overcome", "diligently", "frighten", "producing", "breeze", "splendidly", "stalk", "ones", "crab", "muscular", "multiplication", "pleasant", "straightening", "lazy", "crocodile", "milk", "rose", "fills", "rapped", "relieved", "comes", "pictured", "snorting", "highest", "ugly", "scaly", "dreamy", "bird", "croqueted", "break", "somewhere", "velvet", "save", "knife", "positively", "roast", "crouched", "managing", "claws", "uncomfortably", "brown", "humble", "quiver", "printed", "faster", "cheerfully", "pocket", "folded", "neat", "elbows", "setting", "tops", "indignant", "shedding", "bawled", "stupid", "flustered", "evidently", "tidy", "placed", "toss", "wondered", "coaxing", "yelp", "shrimp", "appealed", "execute", "part", "magic", "despair", "pairs", "memorandum", "shrink", "creep", "bother", "names", "singers", "fifteen", "arch", "knee", "whisper", "finds", "baked", "rearing", "listeners", "sneezed", "zealand", "begged", "standing", "righthand", "executes", "effect", "stays", "blown", "stockings", "pronounced", "directions", "lewis", "pity", "earth", "spreading", "seldom", "counting", "hatching", "rattle", "feeble", "inquired", "grey", "calling", "thank", "dodged", "helped", "corner", "rightly", "manner", "furrow", "fanned", "pretexts", "kettle", "ancient", "scroll", "exact", "centre", "ridge", "england", "knelt", "snail", "ledge", "manners", "undo", "ignorant", "pulling", "planning", "subjects", "roared", "already", "labelled", "pigs", "occasional", "provoking", "blame", "interest", "conversations", "patience", "commotion", "common", "unjust", "encouraged", "quarrel", "closely", "favoured", "poky", "kindly", "paint", "appearing", "dishes", "growls", "therefore", "meekly", "drawing", "loving", "trusts", "kneel", "song", "breathe", "wags", "doubling", "fading", "underneath", "opposite", "inkstand", "advice", "spite", "remarks", "trims", "carry", "puffed", "dancing", "oldest", "forepaws", "hall", "trumpet", "awfully", "extremely", "minded", "railway", "hearts", "reasonable", "addressing", "afford", "night", "dreamed", "disagree", "sits", "ending", "finishing", "eats", "piteous", "feared", "balanced", "fair", "desperate", "undertone", "conduct", "introduced", "thanked", "plan", "purring", "gallons", "neighbour", "edgar", "toes", "beheading", "lose", "ridiculous", "lamps", "grins", "judging", "settle", "swallowed", "crept", "morsel", "fork", "fixed", "sense", "glanced", "leant", "loveliest", "alas", "pretty", "soldier", "kissed", "entrance", "maps", "rumbling", "attempt", "eleventh", "known", "crawled", "wept", "vanishing", "advance", "patted", "label", "denying", "shining", "conclusion", "softly", "agony", "thrown", "account", "cries", "growl", "sneeze", "lullaby", "inclined", "pretending", "hundred", "hurrying", "english", "played", "clever", "favourite", "laughing", "woke", "sugar", "depends", "dogs", "yawning", "subdued", "capering", "passionate", "squeeze", "dive", "shape", "accident", "throne", "shrieked", "fortunately", "remembering", "chanced", "chimneys", "bones", "permitted", "sink", "panted", "sharing", "farther", "nevertheless", "accounting", "learned", "acceptance", "scolded", "meeting", "precious", "accounts", "beloved", "kings", "ringlets", "linked", "invent", "uncomfortable", "quick", "minding", "blows", "toys", "involved", "hatters", "murdering", "barking", "shifting", "turtles", "terribly", "attended", "delay", "pour", "peeping", "dears", "hung", "porpoise", "fluttered", "balls", "sand", "lesson", "insolence", "rustling", "growled", "stingy", "also", "cleared", "happy", "altogether", "surprise", "persisted", "search", "fighting", "prosecute", "shillings", "forwards", "upright", "tide", "waters", "attends", "thistle", "within", "sell", "draggled", "grinning", "howled", "improve", "content", "yards", "engaged", "double", "coast", "parts", "eaten", "tied", "kill", "flashed", "leaving", "fishes", "courage", "shelves", "alarm", "tremulous", "promised", "respectable", "flying", "cheap", "screaming", "rushed", "imitated", "roughly", "vinegar", "vote", "sentenced", "energetic", "cakes", "solid", "alarmed", "declare", "reminding", "washing", "skimming", "shilling", "losing", "pink", "twenty", "history", "prevent", "latin", "towards", "tunnel", "crash", "lost", "cackled", "expressing", "pencils", "family", "push", "rise", "croqueting", "climb", "truthful", "fanning", "hearth", "examining", "usual", "suppress", "consider", "patriotic", "wide", "poured", "eating", "thoughtfully", "state", "actually", "reaching", "trot", "verse", "saucer", "atheling", "dainties", "handsome", "consented", "seated", "blades", "shake", "pass", "saves", "shared", "sharks", "persons", "unable", "dreaming", "sticks", "uncorked", "beds", "leap", "welcome", "experiment", "abide", "quarrelled", "limbs", "bound", "sign", "uncommon", "insult", "flame", "complaining", "gazing", "needs", "produced", "line", "drowned", "land", "killing", "whistle", "flinging", "attempted", "heap", "distance", "brave", "untwist", "dripping", "denies", "argued", "tumbled", "wander", "tongue", "flat", "burning", "nile", "decidedly", "unusually", "fifth", "clapping", "brushing", "peering", "gather", "exclamation", "hate", "share", "cannot", "various", "seaside", "rustled", "slate", "pencil", "machines", "queerest", "escape", "patiently", "soft", "tricks", "backs", "soothing", "fainting", "unlocking", "pray", "stool", "flurry", "flavour", "buttered", "riper", "marched", "narrow", "eggs", "clamour", "choosing", "terms", "measure", "bore", "worry", "accidentally", "elegant", "lest", "politely", "kiss", "folding", "grazed", "rats", "whatever", "licking", "absurd", "past", "camomile", "hollow", "respectful", "sends", "dates", "chief", "pitied", "fright", "histories", "squeezed", "anywhere", "treated", "rich", "possible", "buttercup", "morals", "rises", "living", "ways", "twinkled", "curving", "speech", "deserved", "particular", "mouths", "fireplace", "flung", "poker", "sobbed", "oneself", "beautify", "bristling", "faint", "advisable", "winter", "expression", "paused", "faintly", "canvas", "scratching", "ravens", "slates", "grant", "series", "pleasanter", "appearance", "understood", "neighbouring", "curtain", "curtsey", "refused", "luckily", "bough", "advise", "daresay", "remarked", "twentieth", "consultation", "largest", "raven", "remain", "punished", "rubbed", "interrupt", "jogged", "lazily", "complained", "muddle", "mabel", "swallowing", "whispers", "dried", "tipped", "shock", "lasted", "choke", "officer", "uglify", "hiss", "cattle", "affectionately", "scrambling", "glaring", "dinn", "offend", "feelings", "wriggling", "contradicted", "speed", "crashed", "meanwhile", "animal", "tittered", "alternately", "morning", "mournful", "vague", "jaws", "curtseying", "plainly", "believed", "chose", "received", "condemn", "stupidly", "waste", "merrily", "birthday", "charges", "bent", "enjoy", "avoid", "honest", "bowing", "closer", "loose", "hedgehogs", "bursting", "lowing", "scream", "dropping", "stupidest", "oblong", "pressing", "vulgar", "home", "tougher", "visit", "sands", "flew", "sensation", "fancying", "immediate", "present", "enormous", "frog", "foolish", "snout", "cold", "branches", "steady", "helpless", "upsetting", "practice", "darkness", "arguments", "edwin", "bats", "clinging", "drop", "concert", "tinkling", "cunning", "magpie", "alive", "accustomed", "hide", "butter", "lodging", "uncommonly", "country", "gained", "wandering", "smoke", "crawling", "spoken", "rising", "justice", "bathing", "riddle", "murder", "cost", "passing", "livery", "grew", "afore", "encourage", "punching", "follow", "skurried", "deeply", "sprawling", "comfortably", "delight", "paris", "leading", "curls", "lessen", "flapper", "tortoise", "rudeness", "daughter", "besides", "games", "familiarly", "kills", "undoing", "appear", "retire", "wooden", "flown", "mostly", "length"]
    },
    "binary": {
      "type": "boolean",
      "value": false
    },
    "min_tf": {
      "type": "double",
      "value": 1.0
    }
  }
}